{
  "accuracy": 0.8451882845188284,
  "classification_report": {
    "ham": {
      "precision": 0.9943630214205186,
      "recall": 0.9102167182662538,
      "f1-score": 0.9504310344827587,
      "support": 969.0
    },
    "smishing": {
      "precision": 0.4155844155844156,
      "recall": 1.0,
      "f1-score": 0.5871559633027523,
      "support": 128.0
    },
    "spam": {
      "precision": 0.0,
      "recall": 0.0,
      "f1-score": 0.0,
      "support": 98.0
    },
    "accuracy": 0.8451882845188284,
    "macro avg": {
      "precision": 0.46998247900164475,
      "recall": 0.6367389060887513,
      "f1-score": 0.512528999261837,
      "support": 1195.0
    },
    "weighted avg": {
      "precision": 0.8508222367793202,
      "recall": 0.8451882845188284,
      "f1-score": 0.833576264197946,
      "support": 1195.0
    }
  },
  "confusion_matrix": [
    [
      882,
      87,
      0
    ],
    [
      0,
      128,
      0
    ],
    [
      5,
      93,
      0
    ]
  ],
  "model_path": "/content/drive/MyDrive/sms-baselines/experiments/bl_nn_02/bl_nn_02_seed44_20250923T054733Z/model.h5",
  "vocab_size": 132
}