{
  "accuracy": 0.8485355648535565,
  "classification_report": {
    "ham": {
      "precision": 0.9709364908503767,
      "recall": 0.9308565531475749,
      "f1-score": 0.9504741833508957,
      "support": 969.0
    },
    "smishing": {
      "precision": 0.42105263157894735,
      "recall": 0.875,
      "f1-score": 0.5685279187817259,
      "support": 128.0
    },
    "spam": {
      "precision": 0.0,
      "recall": 0.0,
      "f1-score": 0.0,
      "support": 98.0
    },
    "accuracy": 0.8485355648535565,
    "macro avg": {
      "precision": 0.46399637414310807,
      "recall": 0.601952184382525,
      "f1-score": 0.5063340340442072,
      "support": 1195.0
    },
    "weighted avg": {
      "precision": 0.8324118798963349,
      "recall": 0.8485355648535565,
      "f1-score": 0.831615947507179,
      "support": 1195.0
    }
  },
  "confusion_matrix": [
    [
      902,
      67,
      0
    ],
    [
      16,
      112,
      0
    ],
    [
      11,
      87,
      0
    ]
  ],
  "model_path": "/content/drive/MyDrive/sms-baselines/experiments/bl_nn_01/bl_nn_01_seed46_20250923T015340Z/model.h5"
}