{
  "accuracy": 0.7364016736401674,
  "classification_report": {
    "ham": {
      "precision": 0.9869960988296489,
      "recall": 0.7832817337461301,
      "f1-score": 0.8734177215189873,
      "support": 969.0
    },
    "smishing": {
      "precision": 0.284037558685446,
      "recall": 0.9453125,
      "f1-score": 0.4368231046931408,
      "support": 128.0
    },
    "spam": {
      "precision": 0.0,
      "recall": 0.0,
      "f1-score": 0.0,
      "support": 98.0
    },
    "accuracy": 0.7364016736401674,
    "macro avg": {
      "precision": 0.42367788583836496,
      "recall": 0.5761980779153767,
      "f1-score": 0.43674694207070935,
      "support": 1195.0
    },
    "weighted avg": {
      "precision": 0.8307581818223153,
      "recall": 0.7364016736401674,
      "f1-score": 0.7550252130147453,
      "support": 1195.0
    }
  },
  "confusion_matrix": [
    [
      759,
      210,
      0
    ],
    [
      7,
      121,
      0
    ],
    [
      3,
      95,
      0
    ]
  ],
  "model_path": "/content/drive/MyDrive/sms-baselines/experiments/bl_nn_01/bl_nn_01_seed45_20250923T012100Z/model.h5"
}