{
  "accuracy": 0.8560669456066946,
  "classification_report": {
    "ham": {
      "precision": 0.9922480620155039,
      "recall": 0.9246646026831785,
      "f1-score": 0.9572649572649573,
      "support": 969.0
    },
    "smishing": {
      "precision": 0.4349315068493151,
      "recall": 0.9921875,
      "f1-score": 0.6047619047619047,
      "support": 128.0
    },
    "spam": {
      "precision": 0.0,
      "recall": 0.0,
      "f1-score": 0.0,
      "support": 98.0
    },
    "accuracy": 0.8560669456066946,
    "macro avg": {
      "precision": 0.47572652295493967,
      "recall": 0.6389507008943928,
      "f1-score": 0.5206756206756207,
      "support": 1195.0
    },
    "weighted avg": {
      "precision": 0.8511795857487328,
      "recall": 0.8560669456066946,
      "f1-score": 0.841003571045412,
      "support": 1195.0
    }
  },
  "confusion_matrix": [
    [
      896,
      73,
      0
    ],
    [
      1,
      127,
      0
    ],
    [
      6,
      92,
      0
    ]
  ],
  "model_path": "/content/drive/MyDrive/sms-baselines/experiments/bl_nn_02/bl_nn_02_seed43_20250923T054558Z/model.h5",
  "vocab_size": 132
}